isbn,title,author,year
439895979,Beauty Queens,Libba Bray,2011
307275558,The Devil Wears Prada,Lauren Weisberger,2003
143123238,The Silent Wife,A.S.A. Harrison,2013
1423116399,Heist Society,Ally Carter,2010
743292499,True Evil,Greg Iles,2006
373210574,The Lost Prince,Julie Kagawa,2012
553384287,Odd Thomas,Dean Koontz,2003
679733973,The Killer Inside Me,Jim Thompson,1952
067001110X,Wintergirls,Laurie Halse Anderson,2009
451232682,Falling Under,Gwen Hayes,2011
60975776,Jesus' Son: Stories,Denis Johnson,1992
6479758,Executive Orders,Tom Clancy,1996
375831002,The Book Thief,Markus Zusak,2005
1590388984,Grip of the Shadow Plague,Brandon Mull,2008
014038572X,The Outsiders,S.E. Hinton,1967
786907509,Passage to Dawn,R.A. Salvatore,1993
61059919,The Fury,L.J. Smith,1991
446195979,The Whole Truth,David Baldacci,2008
553572946,Endymion,Dan Simmons,1996
62009494,Dodger,Terry Pratchett,2012
545027896,Wonderstruck,Brian Selznick,2011
034550500X,The City of Mirrors,Justin Cronin,2016
8143676,Happily Ever After,Kiera Cass,2015
1423157311,The Archived,Victoria Schwab,2013
553587692,The Perfect Husband,Lisa Gardner,1997
425173909,After the Funeral ,Agatha Christie,1953
670062405,Llama Llama Mad at Mama,Anna Dewdney,2007
810993139,Greg Heffley's Journal,Jeff Kinney,2004
425212017,Strange Candy,Laurell K. Hamilton,2006
385733976,Going Bovine,Libba Bray,2009
316407135,Cross Justice,James Patterson,2015
074326004X,Assassination Vacation,Sarah Vowell,2005
552148067,The Seeress of Kell,David Eddings,1991
307265749,The Lowland,Jhumpa Lahiri,2013
345469011,A Widow for One Year,John Irving,1998
1594480001,The Kite Runner ,Khaled Hosseini,2003
385517882,Snuff,Chuck Palahniuk,2008
810994739,Rodrick Rules,Jeff Kinney,2008
425210278,Predator,Patricia Cornwell,2005
143038389,Death Without Company,Craig Johnson,2006
1905654588,Tempted,"P.C. Cast, Kristin Cast",2008
1455520659,The Longest Ride,Nicholas Sparks,2012
446695696,Skin Tight,Carl Hiaasen,1989
1416985794,Intet,"Janne Teller, Martin Aitken",2000
805445528,Breaking Free,Beth Moore,1999
439680093,Raven's Gate,Anthony Horowitz,2005
1594205388,Lexicon,Max Barry,2013
037575931X,Crossing to Safety,Wallace Stegner,1987
006057299X,Every Which Way But Dead,Kim Harrison,2005
553116606,The Amityville Horror,Jay Anson,1977
99460173,Blood Canticle,Anne Rice,2003
451474473,Marked in Flesh,Anne Bishop,2016
451218469,Beneath a Marble Sky,John Shors,2004
836218310,The Far Side Gallery 3,Gary Larson,1984
60855908,Equal Rites,Terry Pratchett,1987
451190750,Thinner,"Richard Bachman, Stephen King",1984
425268780,Prince of Fools,Mark  Lawrence,2014
684855631,The Empty Chair ,Jeffery Deaver,2000
849945119,Blink,Ted Dekker,2002
380721643,Track of the Cat,Nevada Barr,1993
075640407X,The Name of the Wind,Patrick Rothfuss,2007
1481422340,Afterworlds,Scott Westerfeld,2014
345443586,Mistral's Kiss,Laurell K. Hamilton,2006
316780375,The Weight of Water,Anita Shreve,1997
61020613,Witches Abroad,Terry Pratchett,1991
1476754454,Mr. Mercedes,Stephen King,2014
1841156736,The Corrections,Jonathan Franzen,2001
1444729705,The Litigators,John Grisham,2011
553213156,Anne of Ingleside,L.M. Montgomery,1939
553807056,Odd Hours,Dean Koontz,2008
316601950,The Pilot's Wife,Anita Shreve,1998
671729489,Seeds of Yesterday,V.C. Andrews,1984
553499084,The Julian chapter,R.J. Palacio,2014
553572989,The Rise of Endymion,Dan Simmons,1997
316219363,The Yellow Birds,Kevin Powers,2012
761169253,Steal Like an Artist,Austin Kleon,2010
446615757,The Christmas Train,David Baldacci,2001
142406147,Skeleton Key,Anthony Horowitz,2002
1455566020,The Last Mile,David Baldacci,2016
545326990,Drama,"Raina Telgemeier, Gurihiru",2012
425263924,Entwined with You,Sylvia Day,2013
034552666X,Great North Road,Peter F. Hamilton,2012
399156909,Bad Blood,John Sandford,2010
679736328,Suttree,Cormac McCarthy,1979
385339682,The Last Juror,John Grisham,2004
042519518X,Flight Of The Old Dog,Dale Brown,1987
61448761,Gone,Michael  Grant,2008
1599901196,The Declaration,Gemma Malley,2007
385535775,The Red House,Mark Haddon,2012
385537859,Inferno,Dan Brown,2013
345414004,Friday,Robert A. Heinlein,1982
440220459,Drop Shot,Harlan Coben,1996
1416586598,Foreign Influence,Brad Thor,2010
62200631,The Fireman,Joe Hill,2016
312858868,The Prestige,Christopher Priest,1995
743571355,The Spellman Files,Lisa Lutz,2007
385335997,Voyager,Diana Gabaldon,1993
743246071,The Queen's Fool,Philippa Gregory,2003
385517831,The Associate,John Grisham,2009
399160302,Salt to the Sea,Ruta Sepetys,2016
399156879,Indulgence in Death,J.D. Robb,2010
743437349,The Reality Bug,D.J. MacHale,2003
074990741X,Kiss of the Night,Sherrilyn Kenyon,2004
345477243,Back When We Were Grownups,Anne Tyler,2001
440241006,The Persuader,Lee Child,2003
62311115,The Bone Tree,Greg Iles,2015
60890312,Wintersmith,Terry Pratchett,2006
743437322,The Lost City of Faar,D.J. MacHale,2003
385737637,Revolution,Jennifer Donnelly,2010
141654707X,Dark Needs at Night's Edge,Kresley Cole,2008
7165161,The Sands of Time,Sidney Sheldon,1985
446695688,Sick Puppy,Carl Hiaasen,2000
078948045X,Anatomy for the Artist,Sarah Simblet,2001
1101875046,In the Unlikely Event,Judy Blume,2015
1423161610,The Last Guardian,Eoin Colfer,2012
8408057235,Maktub,Paulo Coelho,1994
61779725,Bite Me,Christopher Moore,2010
159463467X,Modern Lovers,Emma Straub,2016
044654759X,Safe Haven,Nicholas Sparks,2010
1841580651,Gods and Generals,Jeff Shaara,1996
385333765,King Rat,James Clavell,1962
743418719,Salem Falls,Jodi Picoult,2001
60891564,Eaters of the Dead,Michael Crichton,1976
451528522,The Invisible Man,H.G. Wells,1897
545424925,The Raven Boys,Maggie Stiefvater,2012
1101874996,The Cartel,Don Winslow,2015
152053107,A Northern Light,Jennifer Donnelly,2003
143036254,Common Sense,Thomas Paine,1776
1620610086,Shadows,Jennifer L. Armentrout,2012
60564652,Hissy Fit,Mary Kay Andrews,2004
743412028,Pay It Forward,Catherine Ryan Hyde,1999
593057775,The Bone Garden,Tess Gerritsen,2007
125001980X,Lost Lake,Sarah Addison Allen,2014
689867042,Tithe: A Modern Faerie Tale,Holly Black,2002
671729446,Heaven,V.C. Andrews,1985
670018856,The Beach House,Jane Green,2008
425194515,Midnight,Dean Koontz,1989
037572737X,American Tabloid,James Ellroy,1995
141023422,The Sheltering Sky,Paul Bowles,1949
1402208766,Mr. Darcy's Diary,Amanda Grange,2005
375836675,The Messenger,Markus Zusak,2002
553381350,The Right Stuff,Tom Wolfe,1979
765312182,Blindsight,Peter Watts,2006
1400066212,Strength in What Remains,Tracy Kidder,2000
670032085,Financial Peace Revisited,Dave Ramsey,1992
031238078X,Save Me,Lisa Scottoline,2011
743454510,Second Glance,Jodi Picoult,2003
590032496,The Witches,"Roald Dahl, Quentin Blake",1983
62278967,A Thousand Pieces of You,Claudia Gray,2014
758211821,Absolute Fear,Lisa Jackson,2007
765342405,Ender's Shadow,Orson Scott Card,1998
689862210,The View from Saturday,E.L. Konigsburg,1996
330398059,Blubber,Judy Blume,1974
60888644,Sword Song,Bernard Cornwell,2007
316127191,Heartless,Gail Carriger,2011
1455507199,The Middlesteins,Jami Attenberg,2012
1416530738,Once and Always,Judith McNaught,1987
857520199,Second Life,S.J. Watson,2015
60560150,Ruby Holler,Sharon Creech,2002
399170863,The Liar,Nora Roberts,2014
618683070,Dairy Queen,Catherine Gilbert Murdock,2006
60887397,Unbelievable,Sara Shepard,2008
552142743,The MasterHarper of Pern,Anne McCaffrey,1998
140236236,Regeneration,Pat Barker,1991
385340559,Bad Luck and Trouble,Lee Child,2007
60096128,Princess in Pink,Meg Cabot,2003
765330423,The Alloy of Law,Brandon Sanderson,2011
307265773,Letter to a Christian Nation,Sam Harris,2006
1402792808,A Walk Across the Sun,Corban Addison,2011
375706674,No Country for Old Men,Cormac McCarthy,2005
9793062924,Sang Pemimpi,Andrea Hirata,2006
60750863,The System of the World,Neal Stephenson,2004
802170374,Flight: A Novel,Sherman Alexie,2007
051511779X,Born in Shame,Nora Roberts,1996
441012914,Absolution Gap,Alastair Reynolds,2003
60763892,The Judas Strain,James Rollins,2007
425205959,Cards on the Table,Agatha Christie,1936
451219597,Jackdaws,Ken Follett,2001
1590860624,Without Fail ,"Lee Child, Dick Hill",2002
373605692,The Siren,Tiffany Reisz,2012
312315732,Little Children,Tom Perrotta,2004
1861977697,Art of Seduction,Robert Greene,2001
61159174,The Known World,Edward P. Jones,2003
345495934,Swallowing Darkness,Laurell K. Hamilton,2008
312593554,Night Pleasures,Sherrilyn Kenyon,2002
1594633665,The Girl on the Train,Paula Hawkins,2015
385339151,Darkfever,Karen Marie Moning,2006
451229444,Crave,J.R. Ward,2010
312330871,Ten Little Niggers,Agatha Christie,1939
786838930,Masquerade,Melissa de la Cruz,2007
316191299,Holidays on Ice,David Sedaris,1997
067984483X,Put Me in the Zoo,Robert Lopshire,1960
60569662,Autobiography of a Face,Lucy Grealy,1994
034552425X,Rivers of London,Ben Aaronovitch,2011
080508049X,The Black Cauldron,Lloyd Alexander,1965
399256121,Bloodrose,Andrea Cremer,2012
375868429,Chomp!,Carl Hiaasen,2012
1597801577,The Windup Girl,Paolo Bacigalupi,2009
373802498,Magic Study,Maria V. Snyder,2006
074348486X,As You Like It,William Shakespeare,1599
425227510,Vision in White,Nora Roberts,2009
140097317,City of Glass,Paul Auster,1985
671890913,The Longest Day,Cornelius Ryan,1959
395389496,The Polar Express,Chris Van Allsburg,1985
449911942,Rabbit at Rest,John Updike,1990
679735771,American Psycho,Bret Easton Ellis,1991
312532768,Blue Moon,Alyson Noel,2009
425227944,The Darkest Hour,Maya Banks,2010
1502446936,Stepbrother Dearest,Penelope Ward,2014
1439102252,Wishful Drinking,Carrie Fisher,2008
394800028,The Cat in the Hat Comes Back,Dr. Seuss,1958
1857988841,The Sirens of Titan,Kurt Vonnegut Jr.,1959
679734465,Valis,Philip K. Dick,1981
714847984,The 20th Century Art Book,Phaidon Press,1996
1533134138,The Bird and the Sword,Amy Harmon,2016
1455561789,Before the Fall,Noah Hawley,2016
345419626,The Queen of the Damned,Anne Rice,1988
765310082,Toll the Hounds,Steven Erikson,2008
441013651,The Atrocity Archives,Charles Stross,2004
375829873,The Chocolate War,Robert Cormier,1974
547738471,The Last Dragonslayer,Jasper Fforde,2010
803733569,Willow,Julia Hoban,2009
553588257,Velocity,Dean Koontz,2005
857662937,Nexus,Ramez Naam,2012
385732953,All-of-a-Kind Family,Sydney Taylor,1951
425272354,Devil's Game,Joanna Wylde,2014
375727132,The Dive From Clausen's Pier,Ann Packer,2002
141651631X,Path of the Assassin,Brad Thor,2003
875093663,Pursuit of God,A.W. Tozer,1948
618620117,How We Decide,Jonah Lehrer,2009
399252649,Mockingbird,Kathryn Erskine,2010
1612187005,The Wretched of Muirwood,Jeff Wheeler,2011
425194523,Raise the Titanic!,Clive Cussler,1976
224081187,On Chesil Beach,Ian McEwan,2007
1595141979,Shadow Kiss,Richelle Mead,2008
842386882,Reunion,"Karen Kingsbury, Gary Smalley",2004
1477823832,The Paper Magician,Charlie N. Holmberg,2014
1416510567,Fatal Voyage,Kathy Reichs,2001
044661758X,The Concrete Blonde,Michael Connelly,1994
525421556,Hold Still,Nina LaCour,2009
552772291,Sleeping Arrangements,Madeleine Wickham,2001
553280511,The Blue Castle,L.M. Montgomery,1926
1905294719,Tintentod,Cornelia Funke,2007
515141429,Killing Floor,Lee Child,1997
515139408,Red Lily,Nora Roberts,2005
440416795,Harriet the Spy,Louise Fitzhugh,1964
385315546,Drinking: A Love Story,Caroline Knapp,1996
61985864,Supernaturally,Kiersten White,2011
1439192561,"Full Dark, No Stars",Stephen King,2010
765309416,The Android's Dream,John Scalzi,2006
399158812,Delusion in Death,J.D. Robb,2012
679776818,Birdsong,Sebastian Faulks,1993
312971230,Ice Station,Matthew Reilly,1998
1921794097,Saving June,Hannah Harrington,2011
575077905,Last Argument of Kings,Joe Abercrombie,2008
553589393,Midnight Awakening ,Lara Adrian,2007
765316994,Redshirts,John Scalzi,2012
385352875,The Water Knife,Paolo Bacigalupi,2015
425170349,Rainbow Six,Tom Clancy,1998
1405038160,The Six Sacred Stones,Matthew Reilly,2007
670025771,The Secret Chord,Geraldine Brooks,2015
345496531,The Dreaming Void,Peter F. Hamilton,2007
752858556,The Matarese Circle,Robert Ludlum,1979
345533232,Never Seduce a Scot,Maya Banks,2012
144244228X,The summer I turned pretty,Jenny Han,2009
553582798,Lake in the Clouds,Sara Donati,2002
316015059,Double Cross,James Patterson,2007
440227194,Brian's Winter,Gary Paulsen,1996
552772275,The Wedding Girl,Madeleine Wickham,1999
61950726,Orphan Train,Christina Baker Kline,2013
067102423X,Bag of Bones,Stephen King,1998
312997116,As The Crow Flies,Jeffrey Archer,1990
679723226,Double Indemnity,James M. Cain,1936
312590970,Dark Flame,Alyson Noel,2010
039915731X,Locked On,"Tom Clancy, Mark Greaney",2011
184149593X,The Rogue,Trudi Canavan,2011
345472446,"Lucia, Lucia",Adriana Trigiani,2003
330487140,A Bend in the River,V.S. Naipaul,1979
451203771,The Scarlet Feather,Maeve Binchy,2000
140065172,Ordinary People,Judith Guest,1976
143037234,The Big Over Easy,Jasper Fforde,2005
60512806,Cryptonomicon,Neal Stephenson,1999
440238153,The Amber Spyglass,Philip Pullman,2000
743296419,Handle with Care,Jodi Picoult,2009
385517238,The Innocent Man,John Grisham,2006
385349068,Dad Is Fat,Jim Gaffigan,2013
312382855,Patient Zero,Jonathan Maberry,2009
385338104,The Book of Joe,Jonathan Tropper,2003
1934781630,Zeitoun,Dave Eggers,2008
446617687,Sex and the City,Candace Bushnell,1996
670241334,Corduroy,Don Freeman,1948
743457587,The Miracle Worker,William  Gibson,1956
312379293,A Prisoner of Birth,Jeffrey Archer,2008
446539759,First Family,David Baldacci,2009
375724834,Motherless Brooklyn,Jonathan Lethem,1999
1400041988,Pnin,"Vladimir Nabokov, David Lodge",1953
1476738963,We Are Called to Rise,Laura  McBride,2014
765345013,Child of the Prophecy ,Juliet Marillier,2001
014240120X,The Westing Game,Ellen Raskin,1978
689840330,Silver on the Tree,Susan Cooper,1977
486455599,Eight Cousins,Louisa May Alcott,1874
60892013,The Sight,Erin Hunter,2007
307931889,Every Day,David Levithan,2012
345528670,The Aviator's Wife,Melanie Benjamin,2013
831727527,Gerald's Game,Stephen King,1992
451208641,Black Like Me,John Howard Griffin,1960
425210758,Mr. Murder,Dean Koontz,1993
307276902,A Million Little Pieces,James Frey,2003
60887303,Pretty Little Liars,Sara Shepard,2006
042518160X,Danse Macabre,Stephen King,1981
312938993,A is for Alibi,Sue Grafton,1982
451210468,Lie Down With Lions,Ken Follett,1985
345483448,Summer Island,Kristin Hannah,2001
345515501,The Silent Girl,Tess Gerritsen,2011
425210731,Memory in Death ,J.D. Robb,2006
452281253,Anthem,Ayn Rand,1938
375703063,A Virtuous Woman ,Kaye Gibbons,1989
142300705,A Year Down Yonder,Richard Peck,2000
1401303366,The Middle Place,Kelly Corrigan,2005
033034837X,The Third Twin,Ken Follett,1996
1400097029,The Sea,John Banville,2005
60177241,The Thief of Always,Clive Barker,1992
767927567,Escape,"Carolyn Jessop, Laura Palmer",2007
61662690,The Summoning,Kelley Armstrong,2008
385340222,Sisters,Danielle Steel,2007
670021040,Caleb's Crossing,Geraldine Brooks,2011
312358342,The Leftovers,Tom Perrotta,2011
8466302204,Violin,Anne Rice,1997
1451673442,The Magic (The Secret #3),Rhonda Byrne,2012
811214044,The Glass Menagerie,Tennessee Williams,1945
385535309,Paris,Edward Rutherfurd,2013
61962783,Inside Out & Back Again,Thanhha Lai,2011
385538499,The Winter People,Jennifer McMahon,2014
1565125525,Breakfast with Buddha,Roland Merullo,2007
1451672721,Gold,Chris Cleave,2012
033041335X,Sons of Fortune,Jeffrey Archer,2002
193700788X,Dead Ever After,Charlaine Harris,2013
60513063,A Light in the Attic,Shel Silverstein,1981
375705856,Plainsong,Kent Haruf,1999
449226352,Home Again,Kristin Hannah,1996
385735359,The Enchantress,Michael Scott,2012
385538510,The Night Sister,Jennifer McMahon,2015
399154213,Invisible Prey,John Sandford,2007
395181569,The Little House,Virginia Lee Burton,1942
1101904224,Dark Matter,Blake Crouch,2016
1595143424,Virals,"Kathy Reichs, Brendan Reichs",2010
375414959,Bridge of Sighs,Richard Russo,2007
399156399,The Scarpetta Factor ,Patricia Cornwell,2009
312348649,Baby Proof,Emily Giffin,2006
1573226882,Fever Pitch,Nick Hornby,1992
441005764,Mossflower,Brian Jacques,1988
7205236,Angela's Ashes: A Memoir,Frank McCourt,1996
749732105,The Folk of Faraway Tree,Enid Blyton,1946
60541830,Congo,Michael Crichton,1980
312985347,Eleven on Top,Janet Evanovich,2005
671737821,Honor's Splendour,Julie Garwood,1987
553807234,The Neighbor,Lisa Gardner,2009
553213180,Rainbow Valley,L.M. Montgomery,1917
141185538,The Moon Is Down,John Steinbeck,1942
014029628X,Girl in Hyacinth Blue,Susan Vreeland,1999
60788704,The Outlaw Demon Wails ,Kim Harrison,2008
441015662,Iron Kissed,Patricia Briggs,2008
006218850X,The Orchardist,Amanda Coplin,2012
425255700,Affliction,Laurell K. Hamilton,2013
399154388,The Chase,Clive Cussler,2007
1476751803,Sweet Filthy Boy ,Christina Lauren,2014
345348109,The Killer Angels,Michael Shaara,1974
446607274,Angels Flight,Michael Connelly,1999
374281092,Someone,Alice McDermott,2013
380017601,Love Story,Erich Segal,1970
1841492051,Shadow of the Giant,Orson Scott Card,2005
60590270,A Dirty Job,Christopher Moore,2006
449205622,Captains and the Kings,Taylor Caldwell,1972
1857231325,The Wishsong of Shannara ,Terry Brooks,1985
1250019834,First Frost,Sarah Addison Allen,2015
590664875,Runaway Ralph,Beverly Cleary,1970
345479718,Woken Furies,Richard K. Morgan,2005
385336691,The Hard Way,Lee Child,2006
1416912045,Unwind,Neal Shusterman,2007
1592402038,"Eats, Shoots and Leaves",Lynne Truss,2003
1551111721,Lord Jim,Joseph Conrad,1900
385518331,Dexter in the Dark,Jeff Lindsay,2006
60515198,Anansi Boys,Neil Gaiman,2005
1416975861,Clockwork Angel,Cassandra Clare,2010
60584033,Motor Mouth,Janet Evanovich,2006
1419122126,Good Wives,Louisa May Alcott,1868
441005667,Forever Peace ,Joe Haldeman,1997
312594429,Hidden,"P.C. Cast, Kristin Cast",2012
310247454,Boundaries,"Henry Cloud, John Townsend",1992
99446782,The Silence of the Lambs,Thomas Harris,1988
670038717,First Among Sequels ,Jasper Fforde,2007
689869118,Black Water,D.J. MacHale,2004
375706860,Kar,"Orhan Pamuk, Maureen Freely",2002
812975294,The Greatest Generation,Tom Brokaw,1998
1841493015,Club Dead,Charlaine Harris,2003
812504690,The Jungle Book,Rudyard Kipling,1894
812536363,Rainbows End,Vernor Vinge,2006
425083896,Books of Blood: Volume One,Clive Barker,1984
486266893,Candide,Voltaire,1759
61579033,The Family Fang,Kevin    Wilson,2011
385730306,The Sweet Far Thing,Libba Bray,2007
812550285,A Crown of Swords,Robert Jordan,1996
545169178,The List,Siobhan Vivian,2012
316069418,The Drop,Michael Connelly,2011
60278250,Abhorsen,Garth Nix,2003
1594631395,"Boy, Snow, Bird",Helen Oyeyemi,2013
1841496863,Bone Crossed,Patricia Briggs,2009
009928264X,Survivor,Chuck Palahniuk,1999
1847442404,The Swan Thieves,Elizabeth Kostova,2010
009949857X,Light A Penny Candle,Maeve Binchy,1982
345485599,Breathing Lessons,Anne Tyler,1988
764223305,The Covenant,Beverly  Lewis,2002
553380958,Snow Crash,Neal Stephenson,1992
375727345,House of Sand and Fog,Andre Dubus III,1999
1594489254,The Ghost Map,Steven Johnson,2006
1857232097,The Fires of Heaven,Robert Jordan,1993
140367357,Five Children and It ,E. Nesbit,1902
1416549129,The Other Queen,Philippa Gregory,2008
62286447,Fourth of July Creek,Smith Henderson,2014
031024756X,Ever After,Karen Kingsbury,2006
553563734,The King's Buccaneer,Raymond E. Feist,1992
718147715,Cook with Jamie,Jamie Oliver,2006
156478214X,The Third Policeman,Flann O'Brien,1967
765326574,The Lost Gate,Orson Scott Card,2011
689849109,Pollyanna,Eleanor H. Porter,1912
148473274X,The Hidden Oracle,Rick Riordan,2016
1469216000,Pines,Blake Crouch,2012
804138567,Bittersweet,Miranda Beverly-Whittemore,2014
752858653,The Scarlatti Inheritance,Robert Ludlum,1971
525951652,Fall of Giants,Ken Follett,2010
044101738X,Hunting Ground,Patricia Briggs,2009
1608190463,The Scar of David,Susan Abulhawa,2006
439244196,Holes,"Louis Sachar, Louis Sachar",1998
159038783X,The Candy Shop War,Brandon Mull,2007
385341326,My Best Friend's Girl,Dorothy Koomson,2006
553269224,Rilla of Ingleside,L.M. Montgomery,1921
061808360X,Gorillas in the Mist,Dian Fossey,1983
044900063X,H is for Homicide,Sue Grafton,1991
525425888,Everything Leads to You,Nina LaCour,2014
1476717710,The Troop,Nick Cutter,2014
1250029880,Styxx,Sherrilyn Kenyon,2013
786939532,Homeland,R.A. Salvatore,1990
812966007,Theodore Rex,Edmund Morris,2001
425217299,An Ice Cold Grave,Charlaine Harris,2007
425197220,Hidden Riches,Nora Roberts,1994
547959109,The Testing,Joelle Charbonneau,2013
425214591,Darkfall,Dean Koontz,1984
446616427,Kitty Goes to Washington,Carrie Vaughn,2006
345507460,Welcome to the Jungle,Jim Butcher,2008
886774632,By the Sword,Mercedes Lackey,1991
307959856,Death Comes to Pemberley,P.D. James,2012
1439164681,Love Anthony,Lisa Genova,2012
374104107,Authority ,Jeff VanderMeer,2014
316013315,The Beatles: The Biography,Bob Spitz,2005
684856476,The Rum Diary,Hunter S. Thompson,1998
61284408,Stargazer,Claudia Gray,2009
747236380,Twilight,"Leigh Nichols, Dean Koontz",1984
375806814,Where the Red Fern Grows,Wilson Rawls,1961
425203867,R is for Ricochet,Sue Grafton,2004
030727103X,The Buried Giant,Kazuo Ishiguro,2015
1595141758,Frostbite,Richelle Mead,2008
1442426675,Finale,Becca Fitzpatrick,2012
316129070,Abaddon's Gate,James S.A. Corey,2013
345299116,The Midwich Cuckoos,John Wyndham,1957
044022912X,The Cay,Theodore Taylor,1969
143036939,The City of Falling Angels,John Berendt,2005
439846838,The Stonekeeper's Curse,Kazu Kibuishi,2009
345539826,Golden Son,Pierce Brown,2015
039925692X,Out of the Easy,Ruta Sepetys,2013
140050930,The Earthsea Trilogy,Ursula K. Le Guin,1975
375414495,Cutting for Stone,Abraham Verghese,2009
808553038,The Egypt Game,Zilpha Keatley Snyder,1967
803741715,The Book with No Pictures,B.J. Novak,2014
1416524797,Angels & Demons ,Dan Brown,2000
141383356,Airman,Eoin Colfer,2007
1416548009,Memorial Day,Vince Flynn,2004
1400033411,Beloved,Toni Morrison,1987
316243914,Burial Rites,Hannah Kent,2013
778322955,A Good Yarn,Debbie Macomber,2005
143035088,In This Mountain (Mitford),Jan Karon,2002
553278746,The Postman,David Brin,1985
356500152,The Girl with All the Gifts,M.R. Carey,2014
312577222,The Nightingale,Kristin Hannah,2015
1416953558,Perfect You,Elizabeth Scott,2008
749908904,Salvation in Death,J.D. Robb,2008
99436922,Glue,Irvine Welsh,2001
743217187,Cuentos de Eva Luna,Isabel Allende,1988
055255264X,A Hat Full of Sky,Terry Pratchett,2004
140273344,The Eagle Has Landed,Jack Higgins,1975
140294295,Sharpe's Rifles,Bernard Cornwell,1988
1416527265,The Little Lady Agency,Hester Browne,2005
399244557,The Burning Bridge,John Flanagan,2005
451223292,The Mist,Stephen King,1980
312997140,The Prodigal Daughter,Jeffrey Archer,1982
8129135728,Half Girlfriend,Chetan Bhagat,2014
385738935,Fallen,Lauren Kate,2009
61142026,Stardust,Neil Gaiman,1999
758272812,Storm,Brigid Kemmerer,2012
031624290X,The Three,Sarah Lotz,2014
60921145,Animal Dreams,Barbara Kingsolver,1990
1596431520,American Born Chinese,Gene Luen Yang,2006
316069434,The Black Box,Michael Connelly,2012
671875965,The Short Victorious War,David Weber,1994
345528921,The Inn At Rose Harbor,Debbie Macomber,2012
593046358,The Crippled God,Steven Erikson,2011
812967127,The Day of the Triffids,John Wyndham,1951
61985848,Paranormalcy,Kiersten White,2010
1585424331,Think and Grow Rich,Napoleon Hill,1937
765301075,The Forge of God,Greg Bear,1987
1455599735,Uganda Be Kidding Me,Chelsea Handler,2014
765326361,Words of Radiance,Brandon Sanderson,2014
1250011914,Whispers at Moonrise ,C.C. Hunter,2012
316098795,The Rook,Daniel O'Malley,2012
60590165,Lirael,Garth Nix,2001
61147958,Horns,Joe Hill,2009
1619630656,Heir of Fire,Sarah J. Maas,2014
441018521,Magic Bleeds,Ilona Andrews,2010
7201095,Ya-Yas in Bloom,Rebecca Wells,2005
2290032042,Rama II,"Arthur C. Clarke, Gentry Lee",1989
441014348,Cursor's Fury,Jim Butcher,2006
451456718,Daughter of the Blood,Anne Bishop,1998
441014739,Blood Bound,Patricia Briggs,2007
340796170,Five Run Away Together,Enid Blyton,1944
618640150,The Lord of the Rings,J.R.R. Tolkien,1955
689849230,The First Part Last,Angela Johnson,2003
446522597,The Winner,David Baldacci,1997
425152898,Mind Prey,John Sandford,1995
805080511,Taran Wanderer,Lloyd Alexander,1967
62248162,The Prince,Kiera Cass,2013
316012335,Lord Loss,Darren Shan,2005
184756190X,A Girl Like You,Gemma Burgess,2011
545132053,Smile,Raina Telgemeier,2009
60096152,Princess in Training,Meg Cabot,2006
1442402326,Rot & Ruin,Jonathan Maberry,2010
8756787650,Flaskepost fra P,Jussi Adler-Olsen,2009
425193829,Fudge-a-Mania,Judy Blume,1990
373210027,Intertwined,Gena Showalter,2009
140285601,Cat's Cradle,Kurt Vonnegut Jr.,1963
345334310,The Ship Who Sang,Anne McCaffrey,1969
525426035,Grasshopper Jungle,Andrew  Smith,2014
374280967,The Uncommon Reader ,Alan Bennett,2007
61869724,Never Have I Ever ,Sara Shepard,2011
399218858,The Very Quiet Cricket,Eric Carle,1990
803731531,The Looking Glass Wars,Frank Beddor,2004
61043583,Unnatural Death,Dorothy L. Sayers,1927
380800829,The Duke and I,Julia Quinn,2000
439568331,The Haunted Mask,R.L. Stine,1993
62295896,Girl in a Band,Kim Gordon,2015
451462564,Turn Coat,Jim Butcher,2009
385491050,Surfacing,Margaret Atwood,1972
375703845,Glamorama,Bret Easton Ellis,1998
525953183,Influx,Daniel Suarez,2014
60835273,The Beet Queen,Louise Erdrich,1985
038077352X,Dreaming of You ,Lisa Kleypas,1994
451225856,"Lover Enshrined, part two",J.R. Ward,2009
1400069289,The Power of Habit,Charles Duhigg,2011
446400157,A Morbid Taste for Bones,Ellis Peters,1977
345505492,The Emperor's Tomb,Steve Berry,2010
380815923,Blackberry Wine,Joanne Harris,1999
345915623,A Son of the Circus,John Irving,1994
765329581,Article 5,Kristen Simmons,2012
62311077,Natchez Burning,Greg Iles,2014
345447867,The Apprentice,Tess Gerritsen,2002
525950608,Hold Tight,Harlan Coben,2008
1590171993,Stoner,"John  Williams, John McGahern",1965
6498868,The Mad Ship,Robin Hobb,1999
385341970,Broken,Karin Slaughter,2010
385340540,The Broker,John Grisham,2005
312656262,Halo,Alexandra Adornetto,2010
749932945,Envy,Sandra Brown,1999
812474945,The Bean Trees,Barbara Kingsolver,1988
1442445807,The Program,Suzanne Young,2013
1420925431,A Room with a View,E.M. Forster,1908
618346260,The Two Towers,J.R.R. Tolkien,1954
1478314605,Futures and Frosting,Tara Sivec,2012
446577898,The Inner Circle,Brad Meltzer,2011
425184226,The Sum of All Fears,Tom Clancy,1991
140297995,Austerlitz,"W.G. Sebald, Anthea Bell",2001
156097432X,Palestine,"Joe Sacco, Edward Said",1996
385534795,The Sandcastle Girls,Chris Bohjalian,2012
312861877,Xenocide,Orson Scott Card,1991
765340747,The Pillars of Creation,Terry Goodkind,2001
140284125,The Inimitable Jeeves ,P.G. Wodehouse,1923
380842939,Sacajawea,Anna Lee Waldo,1978
356508366,The Obelisk Gate,N.K. Jemisin,2016
345534182,Circling the Sun,Paula McLain,2015
670023485,Shadow of Night,Deborah Harkness,2012
743243781,Teacher Man,Frank McCourt,2005
1581344988,Don't Waste Your Life,John Piper,2003
375508325,Cosmos,Carl Sagan,1980
99297701,Hannibal,Thomas Harris,1999
045146317X,Changes,Jim Butcher,2010
140183523,Kim,"Rudyard Kipling, Edward Said",1901
739453823,Black Rose,Nora Roberts,2005
1596435712,Promised,Caragh M. O'Brien,2012
096319254X,Memnoch The Devil,Anne Rice,1995
553588451,Full Moon Rising,Keri Arthur,2006
159420571X,Everything I Never Told You,Celeste Ng,2014
1581345275,Piercing the Darkness,Frank E. Peretti,1989
1595143971,Across the Universe,Beth Revis,2011
307262995,Nature Girl,Carl Hiaasen,2006
60562536,Scandal in Spring,Lisa Kleypas,2006
312642970,Cress,Marissa Meyer,2014
1416938745,Assholes Finish First,Tucker Max,2008
743418174,Good in Bed,Jennifer Weiner,2001
451227190,Carpe Corpus,Rachel Caine,2009
689806981,Tears of a Tiger,Sharon M. Draper,1994
067122350X,Eloise,"Kay Thompson, Hilary Knight",1955
451076451,Rage,"Richard Bachman, Stephen King",1977
385494246,Amsterdam,Ian McEwan,1998
071483355X,The Story of Art,E.H. Gombrich,1950
230706150,Hell's Corner ,David Baldacci,2010
8188575704,I Too Had A Love Story,Ravinder Singh,2007
141185260,Pale Fire,Vladimir Nabokov,1962
160096527X,Orthodoxy,G.K. Chesterton,1908
439568412,One Day at Horrorland,R.L. Stine,1994
316196991,The House of Silk,Anthony Horowitz,2011
345548515,Staked,Kevin Hearne,2016
553589385,Kiss of Crimson ,Lara Adrian,2007
743296788,The Cold Moon,Jeffery Deaver,2006
375851798,The Spectacular Now,Tim Tharp,2008
571212921,A Beautiful Mind,Sylvia Nasar,1998
99417472,In the Night Kitchen,Maurice Sendak,1970
037570387X,The Autograph Man,Zadie Smith,2002
451466802,The Aeronaut's Windlass ,Jim Butcher,2015
316393878,The Wonder,Emma Donoghue,2016
054762834X,Grave Mercy,Robin LaFevers,2012
988573229,Truce,R.L. Mathewson,2013
375840400,Eldest,Christopher Paolini,2005
62280562,Tampa,Alissa Nutting,2013
345396936,Cry to Heaven,Anne Rice,1982
440241022,One Shot,Lee Child,2005
307279952,A Simple Plan,Scott B. Smith,1993
61493341,Telegraph Avenue,Michael Chabon,2012
743289684,Infidel,Ayaan Hirsi Ali,2006
312385188,Prayers for Sale,Sandra Dallas,1997
60774126,Bite Me If You Can,Lynsay Sands,2007
1599901676,Forest Born,Shannon Hale,2009
64472779,All-American Girl,Meg Cabot,2002
312979975,Fantasy Lover,Sherrilyn Kenyon,2002
449225151,A Place Called Freedom,Ken Follett,1995
758272820,Spark,Brigid Kemmerer,2012
553269216,Rainbow Valley,L.M. Montgomery,1919
671876813,Flag in Exile,David Weber,1995
525421033,If I Stay,Gayle Forman,2009
743449673,Shock Wave,Clive Cussler,1996
1573225517,High Fidelity,Nick Hornby,1995
425273865,Captivated by You,Sylvia Day,2014
316159794,Cross,James Patterson,2006
767905202,Mr Maybe,Jane Green,1999
802120202,Alif the Unseen,G. Willow Wilson,2012
425189864,Mortal Prey,John Sandford,2002
553588079,Gone,Lisa Gardner,2006
312370830,Elle s'appelait Sarah,Tatiana de Rosnay,2007
6174426,Windmills of the Gods,Sidney Sheldon,1987
385339100,The Partner,John Grisham,1997
345505697,Mystery,Jonathan Kellerman,2011
765310023,Deadhouse Gates,Steven Erikson,2000
743437810,The Vanished Man,Jeffery Deaver,2003
1400047463,The Double Bind,Chris Bohjalian,2007
375870415,Unspoken,Sarah Rees Brennan,2012
60890681,The Last Anniversary,Liane Moriarty,2006
042521575X,Visions of Heat,Nalini Singh,2007
399256601,The Name of the Star,Maureen Johnson,2011
61706558,I'd Know You Anywhere,Laura Lippman,2010
451167805,Firestarter,Stephen King,1980
752898477,An Echo in the Bone,Diana Gabaldon,2009
1682305066,Twisted Palace,Erin Watt,2016
812996089,Miller's Valley,Anna Quindlen,2016
553297260,Darkness,John Saul,1991
1841493139,The Magicians' Guild,Trudi Canavan,2001
747589372,Restless,William  Boyd,2006
330339184,The Informers,Bret Easton Ellis,1994
553582755,One Door Away from Heaven,Dean Koontz,2001
671011375,Death du Jour,Kathy Reichs,1999
679889175,First Test,Tamora Pierce,1999
1439199353,The Boston Girl,Anita Diamant,2014
307381463,Nefertiti,Michelle Moran,2007
446692638,Along Came a Spider,James Patterson,1993
1595143068,Last Sacrifice ,Richelle Mead,2010
61935123,Hidden,Sophie Jordan,2012
340863684,Tortured for Christ,Richard Wurmbrand,1940
142401765,Keeping the Moon,Sarah Dessen,1999
679736379,Sophie's Choice,William Styron,1979
62363239,A Head Full of Ghosts,Paul Tremblay,2015
61779814,The Body Finder,Kimberly Derting,2010
821780654,Jacob,Jacquelyn Frank,2006
087923573X,Swallows and Amazons,Arthur Ransome,1930
1501100130,Finders Keepers,Stephen King,2015
1484705270,Every Last Word,Tamara Ireland Stone,2015
312864590,Crossroads of Twilight,Robert Jordan,2003
736693416,The Elfstones Of Shannara,Terry Brooks,1982
671796666,The Jordan Rules,"Sam Smith, Doug Grud",1992
1416995587,We'll Always Have Summer,Jenny Han,2011
446556246,WAR,Sebastian Junger,2010
330487191,A House for Mr. Biswas,V.S. Naipaul,1961
1250010691,Necessary Lies,Diane Chamberlain,2013
1423109600,The Pigeon Wants a Puppy!,Mo Willems,2008
345366239,The Eight,Katherine Neville,1988
99642611,The Fourth Protocol,Frederick Forsyth,1984
374515360,The Complete Stories,Flannery O'Connor,1971
140911399X,A Week in Winter,Maeve Binchy,2012
446556823,Ecstasy Unveiled,Larissa Ione,2010
446676071,Message in a Bottle,Nicholas Sparks,1998
439228905,Black Beauty,Anna Sewell,1877
074327041X,Protect and Defend,Vince Flynn,2007
615417175,Providence,Jamie McGuire,2010
6472613,Master of the Game,Sidney Sheldon,1982
1416914285,City of Bones,Cassandra Clare,2007
439498821,Finding Cassie Crazy,Jaclyn Moriarty,2003
1476770387,Revival,Stephen King,2014
552152943,Moving Pictures,Terry Pratchett,1990
356502023,The Crimson Campaign,Brian  McClellan,2014
749955910,Celebrity in Death,J.D. Robb,2012
451230647,Twice Bitten ,Chloe Neill,2010
679732187,"Absalom, Absalom!",William Faulkner,1936
749928999,Kindred in Death ,J.D. Robb,2009
345418530,"Ogre, Ogre (Xanth, #5)",Piers Anthony,1982
1439148503,Under the Dome,Stephen King,2009
618562036,Empress Orchid,Anchee Min,2003
62282719,Bad Feminist ,Roxane Gay,2014
743426800,Inca Gold,Clive Cussler,1994
140003065X,A Fine Balance,Rohinton Mistry,1996
486452433,Jude the Obscure,Thomas Hardy,1895
1903434777,Herr der Diebe,Cornelia Funke,2000
345476999,The Mephisto Club,Tess Gerritsen,2006
399158022,Red Mist,Patricia Cornwell,2011
044101125X,The Other Wind,Ursula K. Le Guin,2001
1416989412,"Hush, Hush",Becca Fitzpatrick,2009
765375869,Lock In,John Scalzi,2014
547576722,We the Animals,Justin Torres,2011
1416503811,Heartbreaker,Julie Garwood,2000
435233076,Death of a Salesman,Arthur Miller,1949
1582344159,Hey Nostradamus!,Douglas Coupland,2003
142998192X,Everlasting,Alyson Noel,2011
312655479,How the Light Gets In,Louise Penny,2013
1250022061,The Long Way Home,Louise Penny,2014
811202054,Collected Poems,Dylan Thomas,1952
140283307,White Noise,Don DeLillo,1985
038572179X,Atonement,Ian McEwan,2001
399256504,Shelter,Harlan Coben,2011
525421351,Tenth Grade Bleeds,Heather Brewer,2009
006232540X,Depraved Heart,Patricia Cornwell,2015
1416580948,Kiss of a Demon King ,Kresley Cole,2009
312380755,Think Twice,Lisa Scottoline,2010
61783161,Eternal Kiss of Darkness,Jeaniene Frost,2010
778313654,One Breath Away,Heather Gudenkauf,2012
1937053415,Elixir,Jennifer L. Armentrout,2012
1416905855,Chains,Laurie Halse Anderson,2008
1400041201,Heat,Bill Buford,2006
074345300X,Bare Bones,Kathy Reichs,2003
679767959,Heartburn,Nora Ephron,1983
553579754,Fear Nothing ,Dean Koontz,1998
590224735,Kristy's Great Idea,Ann M. Martin,1986
345463153,The Fourth Hand,John Irving,2001
752876821,Evening Class,Maeve Binchy,1996
440244447,Midnight Rising,Lara Adrian,2008
1452440026,Barely Breathing,Rebecca Donovan,2012
451463072,Blood Cross,Faith Hunter,2010
375826696,Eragon,Christopher Paolini,2002
425093255,Five Little Pigs,Agatha Christie,1942
1442423684,UnWholly,Neal Shusterman,2012
61231428,Altar of Eden,James Rollins,2009
1612130585,Fifty Shades Darker,E.L. James,2011
374346674,Love Letters to the Dead,Ava Dellaira,2014
60888628,The Lords of the North,Bernard Cornwell,2006
553590154,Dime Store Magic,Kelley Armstrong,2004
451461525,Claimed By Shadow,Karen Chance,2007
62103733,Unraveling,Elizabeth Norris,2012
1612130291,Fifty Shades of Grey,E.L. James,2011
747263744,American Gods,Neil Gaiman,2001
1416983309,Tilt,Ellen Hopkins,2012
812968069,Snow Flower and the Secret Fan,Lisa See,2005
743294378,Bones to Ashes,Kathy Reichs,2007
451233328,Hard Bitten,Chloe Neill,2011
812550757,Speaker for the Dead,Orson Scott Card,1986
785100490,Marvels,"Kurt Busiek, Alex Ross",1993
076534825X,Spin,Robert Charles Wilson,2005
1405910216,On the Island,Tracey Garvis-Graves,2011
1439152780,The Distant Hours,Kate Morton,2010
60837640,Jinx,Meg Cabot,2007
307270742,Commencement,J. Courtney Sullivan,2009
446676438,When the Wind Blows,James Patterson,1998
316196487,Perfect Shadow,Brent Weeks,2011
000711933X,Death in the Clouds,Agatha Christie,1935
525953086,Fear Nothing,Lisa Gardner,2014
307700313,Some Luck,Jane Smiley,2014
99244721,Timeline,Michael Crichton,1999
097496090X,The Dead,James Joyce,1914
61015733,State of Fear,Michael Crichton,2004
1594488398,The Interestings,Meg Wolitzer,2013
778314189,Scent of Magic,Maria V. Snyder,2012
394758285,The Big Sleep,Raymond Chandler,1939
60519134,Savannah Blues,Mary Kay Andrews,2002
670026611,The Girl You Left Behind,Jojo Moyes,2012
571199976,Proof: A Play,David Auburn,2000
752852612,Red Harvest,Dashiell Hammett,1929
671522817,Braveheart,Randall Wallace,1995
99437961,Lullaby,Chuck Palahniuk,2002
771068719,The English Patient,Michael Ondaatje,1992
9793210605,Hafalan Shalat Delisa,Tere Liye,2005
1476730105,Beautiful Bastard,Christina Lauren,2013
316230812,We Need New Names,NoViolet Bulawayo,2013
385535144,The Racketeer,John Grisham,2012
586057242,The Complete Robot,Isaac Asimov,1982
670076082,Froi of the Exiles,Melina Marchetta,2011
1101883073,Lilac Girls,Martha Hall Kelly,2016
006212255X,The one I left behind,Jennifer McMahon,2013
1416927247,Divine Madness,Robert Muchamore,2006
441017800,On the Edge,Ilona Andrews,2009
60739495,Walk Two Moons,Sharon Creech,1994
385342047,Mini Shopaholic,Sophie Kinsella,2010
440221668,The Fiery Cross,Diana Gabaldon,2001
804140413,Food: A Love Story,Jim Gaffigan,2014
074347418X,Ransom,Julie Garwood,1999
345476131,The Third Secret,Steve Berry,2005
515121495,The List,Steve Martini,1997
60727217,The Black Lyon,Jude Deveraux,1980
771064861,Dear Life,Alice Munro,2012
425182134,Hammer of the Gods,Stephen Davis,1985
61176109,Power of Art,Simon Schama,2006
345915593,The World According to Garp,John Irving,1978
162704017X,Fixed on You,Laurelin Paige,2013
380792648,Subterranean,James Rollins,1999
451233182,Bite Club,Rachel Caine,2011
385533411,Solar,Ian McEwan,2010
1620610094,Opal,Jennifer L. Armentrout,2012
764224735,The Shunning,Beverly  Lewis,1997
1568650957,The Doomsday Conspiracy,Sidney Sheldon,1991
62072064,Through the Ever Night,Veronica Rossi,2013
307377040,Netherland,Joseph O'Neill,2008
425147584,Debt of Honor,Tom Clancy,1994
449214729,The Guns of Navarone,Alistair MacLean,1957
399156585,The Rembrandt Affair,Daniel Silva,2010
1857231384,Consider Phlebas,Iain M. Banks,1987
345519477,In Bed with a Highlander,Maya Banks,2011
618750436,The Lemonade War,Jacqueline Davies,2007
575088877,The Quantum Thief,Hannu Rajaniemi,2010
1416979182,Gone ,Lisa McMann,2010
345471172,On Mystic Lake,Kristin Hannah,1999
439568455,Stay Out of the Basement,R.L. Stine,1992
446500046,Kushiel's Mercy,Jacqueline Carey,2001
141439580,Emma,"Jane Austen, Fiona Stafford",1815
1451655789,Hothouse Flower,Lucinda Riley,2010
385733143,Small Steps,Louis Sachar,2006
375869026,Wonder,R.J. Palacio,2012
486424588,Women in Love,D.H. Lawrence,1920
553383051,Fevre Dream,George R.R. Martin,1982
856761222,Arsenic and Old Lace,Joseph Kesselring,1939
61134104,Bruiser,Neal Shusterman,2010
679436545,Taltos,"Anne Rice, Tim Curry",1994
312997191,Summer People,Elin Hilderbrand,2003
156512569X,Mudbound,Hillary Jordan,2008
152047387,So You Want to Be a Wizard,Diane Duane,1983
034549038X,The Dante Club,Matthew Pearl,2003
61573132,Bright Shiny Morning,James Frey,2008
425256227,Magic Breaks,Ilona Andrews,2014
340640146,Rose Madder,Stephen King,1995
451526570,Heart of Darkness,Joseph Conrad,1910
006074815X,Storm Island,Ken Follett,1978
553278029,A Great Deliverance,Elizabeth  George,1988
031237982X,Hunted,"P.C. Cast, Kristin Cast",2009
752865331,The Maltese Falcon,Dashiell Hammett,1930
385539088,China Rich Girlfriend,Kevin Kwan,2015
1595547169,Fireproof,Eric Wilson,2008
553268929,The Great Santini,Pat Conroy,1976
312934343,Dark Side of the Moon,Sherrilyn Kenyon,2006
451474708,Saint Anything,Sarah Dessen,2015
345459202,Big Stone Gap,Adriana Trigiani,2000
439672449,The Fire Within,Chris d'Lacey,2001
151012377,The Whistling Season,Ivan Doig,2006
1501106406,After Ever Happy,Anna Todd,2015
679744479,Written on the Body,Jeanette Winterson,1992
143035304,Birds of a Feather,Jacqueline Winspear,2004
446579920,The Choice,Nicholas Sparks,2007
62026518,The Crown of Embers,Rae Carson,2012
316225932,The Burning Room,Michael Connelly,2014
544920953,Good as Gone,Amy Gentry,2016
670019631,Shades of Grey,Jasper Fforde,2009
1595541209,The Visitation,Frank E. Peretti,1999
142000698,The Pearl of the World,John Steinbeck,1947
006232022X,The Black Widow,Daniel Silva,2016
1841498874,The Dragon's Path,Daniel Abraham,2011
593073894,Make Me,Lee Child,2015
1857988361,Stand on Zanzibar,John Brunner,1968
140135154,Ways of Seeing,John Berger,1972
1847445209,The Wicked Girls,Alex Marwood,2008
1416505067,Seven Ancient Wonders,Matthew Reilly,2005
575099127,House of Suns,Alastair Reynolds,2008
425137562,Silent Prey,John Sandford,1992
385339704,The Pelican Brief,John Grisham,1992
553807145,Relentless,Dean Koontz,2009
451207149,The Pillars of the Earth,Ken Follett,1989
031621762X,Cibola Burn,James S.A. Corey,2014
1101990260,The Widow,Fiona Barton,2016
545284104,Abandon,Meg Cabot,2011
60872985,Next,Michael Crichton,2006
61784788,The Devil Colony,James Rollins,2010
385739168,Passion,Lauren Kate,2011
9993911550,The Courts of Chaos,Roger Zelazny,1978
375834869,Scat,Carl Hiaasen,2009
553581554,The Killing Game,Iris Johansen,1999
684852586,The Body Snatchers,Jack Finney,1955
670024961,Mastery,Robert Greene,2012
553278002,The Icarus Agenda,Robert Ludlum,1988
345298349,Gorky Park,Martin Cruz Smith,1981
140156046,Libra ,Don DeLillo,1988
743474155,A Kingdom of Dreams ,Judith McNaught,1989
440222680,Fade Away,Harlan Coben,1996
99471434,Lasher,Anne Rice,1993
590133373,Mad About Madeline,Ludwig Bemelmans,1939
374239215,Purity,Jonathan Franzen,2015
689878575,Lioness Rampant,Tamora Pierce,1988
60744510,Midnight,Erin Hunter,2005
553582763,By the Light of the Moon,Dean Koontz,2002
544289595,The Crossover,Kwame Alexander,2014
316175676,The Snow Child,Eowyn Ivey,2012
1582433542,Jesus Land : A Memoir,Julia Scheeres,2005
451159535,Coma,Robin Cook,1977
375719202,Appointment in Samarra,John O'Hara,1933
1101874937,Lab Girl,Hope Jahren,2016
752863886,The Bourne Supremacy,Robert Ludlum,1986
1743342373,Lick,Kylie Scott,2013
671023187,Term Limits,Vince Flynn,1997
140003342X,Song of Solomon,Toni Morrison,1977
1416909834,No Talking,Andrew Clements,2007
395570352,Grandfather's Journey,Allen Say,1993
805090037,Bring Up the Bodies,Hilary Mantel,2012
1419717014,Old School,Jeff Kinney,2015
751525359,The Last Precinct,Patricia Cornwell,2000
446696110,The Guardian,Nicholas Sparks,2003
1461072514,Inescapable,Amy A. Bartol,2013
1416978933,The Hollow,Jessica Verday,2009
671021001,She's Come Undone,Wally Lamb,1992
009947915X,Life & Times of Michael K.,J.M. Coetzee,1983
670011835,After,Amy Efaw,2009
345419383,The Dolphins of Pern,Anne McCaffrey,1994
62024035,Divergent,Veronica Roth,2011
515141666,Dance of the Gods,Nora Roberts,2006
375836578,The Realm of Possibility,David Levithan,2004
031623107X,You Will Know Me,Megan Abbott,2016
735221081,The Couple Next Door,Shari Lapena,2016
1622662644,Opposition,Jennifer L. Armentrout,2014
312424671,Small Island,Andrea Levy,2004
763618985,The Tiger Rising,Kate DiCamillo,2001
446690449,Blood Work,Michael Connelly,1998
679879250,The Subtle Knife,Philip Pullman,1997
694006513,Jamberry,Bruce Degen,1982
552151696,Digital Fortress,Dan Brown,1998
140436588,Ivanhoe,Walter Scott,1819
802720870,Chain Reaction,Simone Elkeles,2011
1847376177,Storm Prey,John Sandford,2010
553580221,False Memory,Dean Koontz,1999
758278438,The Plum Tree,Ellen Marie Wiseman,2012
61843407,Labor Day,Joyce Maynard,2009
60525630,Rising storm,Erin Hunter,2005
545259088,Forever,Maggie Stiefvater,2011
312289510,The Christmas Shoes,Donna VanLiere,2001
689862229,Shiloh,Phyllis Reynolds Naylor,1991
143036432,Dark Fire,C.J. Sansom,2004
142402516,Looking for Alaska,John Green,2005
059044297X,An Itchy Day,Norman Bridwell,1963
451458443,Grave Peril,Jim Butcher,2001
1250052386,Lead,Kylie Scott,2014
312351623,Sugar Daddy,Lisa Kleypas,2007
394724550,Gift from the Sea,Anne Morrow Lindbergh,1955
380727501,Notes from a Small Island,Bill Bryson,1995
786817879,Artemis Fowl,Eoin Colfer,2001
446401056,Passion Unleashed,Larissa Ione,2009
439771242,A Corner of the Universe,Ann M. Martin,2002
805094598,Shadow and Bone,Leigh Bardugo,2012
345545834,Claim Me,J. Kenner,2013
1416563687,The White Queen,Philippa Gregory,2009
446615862,The Wedding,Nicholas Sparks,2003
425213382,Cause of Death,Patricia Cornwell,1996
553562738,Doomsday Book,Connie Willis,1992
60594527,Lost Horizon,James Hilton,1933
62011995,Starcrossed,Josephine Angelini,2011
755328949,The Cruelest Month,Louise Penny,2007
316001929,Cleopatra: A Life,Stacy Schiff,2006
356502422,Ancillary Mercy,Ann Leckie,2015
670011460,Something Like Fate,Susane Colasanti,2010
140255087,The Snow Leopard,Peter Matthiessen,1978
042523567X,Flirt,Laurell K. Hamilton,2009
450031063,Salem's Lot,Stephen King,1975
142407577,Heat,Mike Lupica,2006
425098087,Zodiac,Robert Graysmith,1986
300107897,Crush,Richard Siken,2005
141691420X,The Soldiers of Halla,D.J. MacHale,2009
385526350,Tell-All,Chuck Palahniuk,2010
440241014,The Enemy,Lee Child,2004
316225886,The Crossing,Michael Connelly,2015
425180964,The Bear and the Dragon,Tom Clancy,2000
1101886692,Sleeping Giants,Sylvain Neuvel,2016
037570342X,Family Matters,Rohinton Mistry,2001
312144075,The Samurai's Garden,Gail Tsukiyama,1994
770437850,Het diner,"Herman Koch, Sam Garrett",2009
312352565,A Fatal Grace,Louise Penny,2007
451222385,Midnight Alley,Rachel Caine,2007
330344951,Ross Poldark,Winston Graham,1945
449214192,Centennial,James A. Michener,1974
345338545,Follow the River,James Alexander Thom,1981
1619636077,Empire of Storms,Sarah J. Maas,2016
515135062,Three Fates,Nora Roberts,2002
786942460,The Crystal Shard,R.A. Salvatore,1988
393960420,Sister Carrie,Theodore Dreiser,1900
141357274,Girl Online,"Zoe Sugg, Siobhan Curham",2014
345539842,Morning Star,Pierce Brown,2016
316899984,"River, Cross My Heart",Breena Clarke,1999
006221635X,How to Love,Katie Cotugno,2013
425190455,Idoru,William Gibson,1996
553804685,Red Seas Under Red Skies,Scott Lynch,2007
618001905,King Leopold's Ghost,Adam Hochschild,1998
1402784031,Tiger's Curse,Colleen Houck,2011
1400031001,Any Human Heart,William  Boyd,2002
679743626,O Pioneers!,Willa Cather,1913
340830107,The Ship of Brides,Jojo Moyes,2005
1401215815,Joker,"Brian Azzarello, Lee Bermejo",2008
61720771,The Return: Nightfall,L.J. Smith,2009
1622660757,Origin,Jennifer L. Armentrout,2013
1476706123,Red Sparrow,Jason  Matthews,2013
743289412,Lisey's Story,Stephen King,2006
671732498,A Separate Reality,Carlos Castaneda,1968
083081650X,Knowing God,J.I. Packer,1973
399157573,Dust,Patricia Cornwell,2013
1101947136,Homegoing,Yaa Gyasi,2016
61779849,Desires of the Dead,Kimberly Derting,2011
1613125348,Unhinged,A.G. Howard,2014
380782332,Kiss an Angel ,Susan Elizabeth Phillips,1996
031253955X,Only Time Will Tell,Jeffrey Archer,2011
1565125606,Water for Elephants,Sara Gruen,2006
1400031605,Noises Off,Michael Frayn,1982
553381695,A Clash of Kings,George R.R. Martin,1998
99285045,A Moveable Feast,Ernest Hemingway,1964
1416543791,The First Commandment,Brad Thor,2007
141187166,On Photography,Susan Sontag,1973
044101819X,Silver Borne,Patricia Briggs,2010
9799625726,Supernova: Akar,Dee Lestari,2002
345423291,What We Keep ,Elizabeth Berg,1998
778325504,Twenty Wishes,Debbie Macomber,2008
192750976,Ramona the Pest,Beverly Cleary,1968
142401099,The Devil's Arithmetic,Jane Yolen,1988
316210900,Cross My Heart,James Patterson,2013
1250024633,Horde,Ann Aguirre,2013
743496310,Flowers in the Attic,V.C. Andrews,1979
451460413,Dies the Fire ,S.M. Stirling,2004
141009829,Forever Amber,Kathleen Winsor,1944
1416524304,Carrie,Stephen King,1974
449911608,Saint Maybe,Anne Tyler,1991
515132187,The Villa,Nora Roberts,2001
786813075,The Skin I'm In,Sharon G. Flake,1998
671774670,Mother of Pearl,Melinda Haynes,1999
62110837,The Golem and the Jinni,Helene Wecker,2013
525955100,Home ,Harlan Coben,2016
394800516,The Best Nest,P.D. Eastman,1968
399159371,The Witness,Nora Roberts,2012
743275012,Plain Truth,Jodi Picoult,2000
60724277,I'm OK-You're OK,Thomas A. Harris,1967
1599908441,Something Like Normal,Trish Doller,2012
1250022134,A Great Reckoning,Louise Penny,2016
60555955,Sushi for Beginners,Marian Keyes,2000
446607207,Tell Me Your Dreams,Sidney Sheldon,1998
316234559,Day 21,Kass Morgan,2014
345543858,Die Again,Tess Gerritsen,2014
140007780X,Einstein's Dreams,Alan Lightman,1992
593065700,The Affair,Lee Child,2011
743474163,Paradise,Judith McNaught,1991
1439153663,The Kitchen House,Kathleen Grissom,2010
7271212,Azincourt ,Bernard Cornwell,2008
6478964,Night Prey,John Sandford,1994
1409522016,Angel Fire,L.A. Weatherly,2011
425127583,The Mask,"Owen  West, Dean Koontz",1981
307959880,Benediction,Kent Haruf,2013
786938250,The Halfling's Gem,R.A. Salvatore,1990
981546269,The Second Ship,Richard   Phillips,2006
385737432,Liar & Spy,Rebecca Stead,2012
670035386,Make Way for Ducklings,Robert McCloskey,1941
62120395,The Son,Philipp Meyer,2012
99771810,American Pastoral,Philip Roth,1997
1844137872,Wall and Piece,Banksy,1988
486431681,Sult,"Knut Hamsun, George Egerton",1890
571169341,Arcadia,Tom Stoppard,1993
1477808701,Wayward,Blake Crouch,2013
553804693,The Republic of Thieves,Scott Lynch,2013
64440591,Frog and Toad All Year,Arnold Lobel,1976
671447548,Mornings on Horseback,David McCullough,1981
449912450,Arc de Triomphe,Erich Maria Remarque,1945
345522486,Hammered,Kevin Hearne,2011
373210361,The Iron Knight,Julie Kagawa,2011
679724532,The Gnostic Gospels,Elaine Pagels,1979
751514624,Different Seasons,Stephen King,1982
449221512,I is for Innocent,Sue Grafton,1992
804178429,Half the World,Joe Abercrombie,2015
051512608X,The Reef,Nora Roberts,1998
434017841,The Monsters of Templeton,Lauren Groff,2008
590930028,"No, David!",David Shannon,1998
802142400,Essays in Love,Alain de Botton,1993
316065765,The Blood of Flowers,Anita Amirrezvani,2007
190444248X,Drachenreiter,Cornelia Funke,1997
446579939,The Lucky One,Nicholas Sparks,2008
399244565,The Icebound Land,John Flanagan,2005
60882077,Queste,"Angie Sage, Mark Zug",2008
743496973,I Do (But I Don't),Cara Lockwood,2003
802142842,Cold Mountain,Charles Frazier,1997
034083384X,The Sleeping Doll,Jeffery Deaver,2007
439568471,Welcome to Dead House,R.L. Stine,1992
446354678,Memories of Midnight,Sidney Sheldon,1990
312989768,Nantucket Nights,Elin Hilderbrand,2002
142421715,Crossed,Ally Condie,2011
1416523723,"Billy Budd, Sailor",Herman Melville,1924
61797081,The Rising,Kelley Armstrong,2013
141692499X,Dragonsong ,Anne McCaffrey,1976
039916443X,Concealed in Death,J.D. Robb,2014
60935766,Harlequin,Bernard Cornwell,2000
1423101952,Hero,Perry Moore,2007
61245089,Halfway to the Grave,Jeaniene Frost,2007
1250045630,Sixth Grave on the Edge,Darynda Jones,2014
067173783X,The Lion's Lady,Julie Garwood,1988
470581786,Twilight and History,Nancy Reagin,2010
1476740488,One Tiny Lie,K.A. Tucker,2013
6498523,Hide and Seek,James Patterson,1995
174348495X,Kings Rising,C.S. Pacat,2016
1439156336,The Burning Wire,Jeffery Deaver,2010
425238199,No Place to Run,Maya Banks,2010
399155279,Heat Lightning,John Sandford,2008
62259652,Bird Box,Josh Malerman,2014
451200829,Love and War ,John Jakes,1984
734406940,The Arrival,Shaun Tan,2006
743454162,Turning Angel,Greg Iles,2005
312594445,Redeemed,"P.C. Cast, Kristin Cast",2014
380726297,Sacred,Dennis Lehane,1997
312947062,One Silent Night,Sherrilyn Kenyon,2008
441001866,Martin the Warrior,Brian Jacques,1993
543898083,The Awakening,Kate Chopin,1899
312546602,Retribution,Sherrilyn Kenyon,2011
1400067685,The Burgess Boys,Elizabeth Strout,2013
1594634475,Fates and Furies,Lauren Groff,2015
9380658674,Chanakya's Chant,Ashwin Sanghi,2010
307279464,A Walk in the Woods,Bill Bryson,1997
312641893,Cinder,Marissa Meyer,2012
307957276,The Beginner's Goodbye,Anne Tyler,2012
446677124,The Burden of Proof,Scott Turow,1990
439858038,Burning For Revenge,John Marsden,1997
786818697,The Pigeon Finds a Hot Dog!,Mo Willems,2004
802142109,Broken for You,Stephanie Kallos,2004
62081861,Ruthless,Sara Shepard,2011
375725768,Eventide,Kent Haruf,2004
7284977,The Gift,Cecelia Ahern,2008
1250000971,The Sins of the Father,Jeffrey Archer,2012
307596907,The Woman Upstairs,Claire Messud,2013
802123457,The Sympathizer,Viet Thanh Nguyen,2015
1593070950,Hellboy: Wake the Devil,Mike Mignola,1994
312939779,False Impression,Jeffrey Archer,2005
446547654,The Best of Me,Nicholas Sparks,2010
316059854,Body Surfing,Anita Shreve,2007
055381706X,The Surgeon,Tess Gerritsen,2001
983157227,Pure,Jennifer L. Armentrout,2012
395957753,The Robe,Lloyd C. Douglas,1942
1423168232,The Naturals,Jennifer Lynn Barnes,2013
886778441,River of Blue Fire,Tad Williams,1998
718155181,The Left Hand of God ,Paul  Hoffman,2010
61093327,Low Country,Anne Rivers Siddons,1998
340752483,Winter Solstice,Rosamunde Pilcher,2000
62280708,The Wicked Will Rise,Danielle  Paige,2015
689829531,Olivia,Ian Falconer,2000
786836547,The Golem's Eye,Jonathan Stroud,2004
896214400,The Shawshank Redemption,Stephen King,1982
575082453,Best Served Cold,Joe Abercrombie,2009
857520660,Perfect,Rachel Joyce,2013
195007778,A Sand County Almanac,Aldo Leopold,1949
375500723,The Heart of a Woman,Maya Angelou,1981
684859238,To Have and Have Not ,Ernest Hemingway,1937
61229776,"Vampire, Interrupted",Lynsay Sands,2008
743495667,In Her Shoes,Jennifer Weiner,2002
185723135X,Use of Weapons,Iain M. Banks,1990
7442912,Insurgent,Veronica Roth,2012
312263996,Timbuktu,Paul Auster,1999
145161781X,Who Do You Love,Jennifer Weiner,2015
20248717,Way Station,Clifford D. Simak,1963
039330762X,The Mauritius Command,Patrick O'Brian,1977
670020575,Through Black Spruce,Joseph Boyden,2008
842387439,Fame,Karen Kingsbury,2005
014303541X,Something Rotten,Jasper Fforde,2004
60525126,Size 14 Is Not Fat Either,Meg Cabot,2006
671869205,Truman,David McCullough,1992
345461665,Judas Unchained,Peter F. Hamilton,2005
1400065674,The Bone Clocks,David Mitchell,2014
425182878,Chosen Prey,John Sandford,2001
805090800,Invisible,Paul Auster,2009
140006208X,Olive Kitteridge,Elizabeth Strout,2008
1594486247,The Painted Girls,Cathy Marie Buchanan,2012
553275720,Fantastic Voyage,Isaac Asimov,1966
140168125,Big Sur,"Jack Kerouac, Aram Saroyan",1962
553803719,Foundation,Isaac Asimov,1951
1846558913,"In a Dark, Dark Wood ",Ruth Ware,2015
345413997,The Door into Summer,Robert A. Heinlein,1957
1590388127,The Wednesday Letters,Jason F. Wright,2007
316726192,Trading Up,Candace Bushnell,2003
1423160924,The Hammer of Thor,Rick Riordan,2016
307595110,The Wolf Gift,Anne Rice,2012
374299250,Lush Life,Richard Price,2008
045146527X,Vision in Silver ,Anne Bishop,2015
385526342,Pygmy,Chuck Palahniuk,2009
62224107,Vanishing Girls,Lauren Oliver,2015
689865406,Specials,Scott Westerfeld,2006
1455503061,Pure,Julianna Baggott,2012
6280897,The Four Loves,C.S. Lewis,1960
60935782,Vagabond,Bernard Cornwell,2002
61043532,Clouds of Witness,Dorothy L. Sayers,1926
316018783,"I, Alex Cross",James Patterson,2009
385613504,You Against Me,Jenny Downham,2010
7201788,Bones of the Hills,Conn Iggulden,2008
316231053,The Fever,Megan Abbott,2014
141181362,Fifth Business,Robertson Davies,1970
674017722,A Theory of Justice,John Rawls,1971
60594772,Beaches,Iris Rainer Dart,1985
525950079,World Without End,Ken Follett,2007
142333745X,Creation in Death ,J.D. Robb,2007
446694258,Void Moon,Michael Connelly,1999
515128635,Tripwire,Lee Child,1999
1416954171,Found,Margaret Peterson Haddix,2008
60734086,Fairest,Gail Carson Levine,2006
62002325,Angelfire,Courtney Allison Moulton,2011
747594155,Syren,Angie Sage,2009
749311614,The Covenant,James A. Michener,1980
1416505415,Blowback,Brad Thor,2005
451207793,The Key to Rebecca,Ken Follett,1980
307272095,The Children's Book,A.S. Byatt,2009
345533631,Hunted,Kevin Hearne,2013
394758269,The High Window,Raymond Chandler,1942
385344341,Never Go Back ,Lee Child,2013
375702709,A Lesson Before Dying,Ernest J. Gaines,1993
689872372,Everlost,Neal Shusterman,2006
7331789,Death of Kings,Bernard Cornwell,2011
330411985,Winter in Madrid,C.J. Sansom,2006
142406635,The Ruins of Gorlan,John Flanagan,2004
316074314,The Luminaries,Eleanor Catton,2013
034548343X,The Amber Room,Steve Berry,2003
312360266,Marked,"P.C. Cast, Kristin Cast",2007
425185508,Picture Perfect,Jodi Picoult,1995
425098605,The Vision,Dean Koontz,1977
8807813025,Novecento,Alessandro Baricco,1994
61988340,Lost in Shangri-la,Mitchell Zuckoff,2011
809599813,Tarzan of the Apes,Edgar Rice Burroughs,1912
142640607X,Babbitt,Sinclair Lewis,1922
440420059,Milkweed,Jerry Spinelli,2003
038551851X,Clapton: The Autobiography,Eric Clapton,2007
385337639,Crow Lake,Mary Lawson,2002
1841493155,The High Lord,Trudi Canavan,2002
312422156,Middlesex,Jeffrey Eugenides,2002
316113573,Ghostgirl,Tonya Hurley,2008
048641423X,An Ideal Husband,Oscar Wilde,1893
451450523,The Last Unicorn,Peter S. Beagle,1968
345516109,Juliet,Anne Fortier,2010
778324907,Virgin River,Robyn Carr,2007
1250003326,Of Poseidon,Anna Banks,2012
1416500189,The Good Earth,Pearl S. Buck,1931
61668125,Destined,Aprilynne Pike,2012
61779784,Secondhand Souls,Christopher Moore,2015
449000621,G is for Gumshoe,Sue Grafton,1990
1595540547,When Crickets Cry,Charles Martin,2006
62227327,The Ghost Bride,Yangsze Choo,2013
765332000,Shadows in Flight,Orson Scott Card,2011
440421853,How to Eat Fried Worms,Thomas Rockwell,1973
038081093X,Excavation,James Rollins,2000
345503805,The Painted Man,Peter V. Brett,2008
571225403,When We Were Orphans,Kazuo Ishiguro,2000
193481332X,Scars,Cheryl Rainfield,2010
312304358,Moloka'i,Alan Brennert,2003
743270606,The Men Who Stare at Goats,Jon Ronson,2004
671010123,Final Jeopardy,Linda Fairstein,1996
1416953574,Wake,Lisa McMann,2008
670034800,Swapping Lives,Jane Green,2006
1476751447,Hard Choices,Hillary Rodham Clinton,2013
446580341,Simple Genius,David Baldacci,2007
810983915,Dog Days,Jeff Kinney,2009
394758277,"Farewell, My Lovely",Raymond Chandler,1940
312420331,Crash,J.G. Ballard,1973
446615625,The Camel Club,David Baldacci,2005
140184937,Our Man in Havana,Graham Greene,1958
399229191,The Very Busy Spider ,Eric Carle,1984
316228532,The Casual Vacancy,J.K. Rowling,2012
62071130,Everneath,Brodi Ashton,2012
8424133498,Strega Nona,Tomie dePaola,1975
345418549,"Night Mare (Xanth, #6)",Piers Anthony,1982
1400064562,Jaws,Peter Benchley,1974
553567152,"Don't Die, My Love",Lurlene McDaniel,1995
1857239016,The Talismans of Shannara,Terry Brooks,1993
068484477X,Stones from the River,Ursula Hegi,1994
20306652,Ball Four,Jim Bouton,1970
439829119,The Dead of the Night,John Marsden,1994
1250002826,Infamous,Sherrilyn Kenyon,2012
61007226,The Exorcist,William Peter Blatty,1971
307716546,Afterwards,Rosamund Lupton,2011
850515033,Dom Casmurro,Machado de Assis,1899
140130138X,The Center Cannot Hold,Elyn R. Saks,2007
345425502,The Life of Elizabeth I,Alison Weir,1996
006156608X,Wicked,Sara Shepard,2008
307265781,Whitethorn Woods,Maeve Binchy,2006
571215165,Vernon God Little,D.B.C. Pierre,2003
385338708,Shopaholic and Baby,Sophie Kinsella,2007
756403146,Black Sun Rising,C.S. Friedman,1991
743484207,Secret Prey,John Sandford,1998
5559609129,Vittorio the Vampire,Anne Rice,1999
310266289,Leaving,Karen Kingsbury,2011
081299289X,China Dolls,Lisa See,2014
345498127,Starter for Ten,David Nicholls,2003
61053716,Imajica,Clive Barker,1991
553262149,Emily Climbs,L.M. Montgomery,1925